100,Lynnea,Kristi,Lynnea.Kristi@yopmail.com,Ambon,police officer
101,Shaine,Cath,Shaine.Cath@yopmail.com,Edmonton,firefighter
102,Laure,Hazlett,Laure.Hazlett@yopmail.com,Longyearbyen,firefighter
103,Lelah,Pattin,Lelah.Pattin@yopmail.com,Papeete,police officer
104,Natka,Malanie,Natka.Malanie@yopmail.com,Fairbanks,doctor
105,Paola,Hurley,Paola.Hurley@yopmail.com,Apia,firefighter
106,Corene,Lanita,Corene.Lanita@yopmail.com,Kuwait City,firefighter
107,Meriel,Lynn,Meriel.Lynn@yopmail.com,São Tomé,developer
108,Maryellen,Slifka,Maryellen.Slifka@yopmail.com,Bogor,worker
109,Gusella,Nore,Gusella.Nore@yopmail.com,Shanghai,developer
110,Harmonia,Carvey,Harmonia.Carvey@yopmail.com,Cayenne,worker
111,Sandie,Gunn,Sandie.Gunn@yopmail.com,Dar es Salaam,doctor
112,Leontine,Fax,Leontine.Fax@yopmail.com,Edmonton,doctor
113,Dacia,Tacye,Dacia.Tacye@yopmail.com,Austin,firefighter
114,Dale,Chem,Dale.Chem@yopmail.com,George Town,police officer
115,Karina,Lorain,Karina.Lorain@yopmail.com,Koulikoro,police officer
116,Hettie,Lail,Hettie.Lail@yopmail.com,Dushanbe,police officer
117,Jaime,Emanuel,Jaime.Emanuel@yopmail.com,Amsterdam,doctor
118,Kalina,Pattin,Kalina.Pattin@yopmail.com,Bogor,worker
119,Teddie,Schenck,Teddie.Schenck@yopmail.com,Enugu,developer
120,Hildegaard,Joeann,Hildegaard.Joeann@yopmail.com,Stepanakert,developer
121,Jaime,Othilia,Jaime.Othilia@yopmail.com,Rochester,developer
122,Arabel,Andrel,Arabel.Andrel@yopmail.com,Ipoh,police officer
123,Sibella,Ellord,Sibella.Ellord@yopmail.com,Asmara,firefighter
124,Karena,Himelman,Karena.Himelman@yopmail.com,Macau,police officer
125,Gavrielle,Rozanna,Gavrielle.Rozanna@yopmail.com,Moroni,firefighter
126,Jany,Lewes,Jany.Lewes@yopmail.com,Strasbourg,police officer
127,Tina,Ader,Tina.Ader@yopmail.com,Cape Town,firefighter
128,Averyl,Xerxes,Averyl.Xerxes@yopmail.com,Andorra la Vella,worker
129,Charissa,Henrie,Charissa.Henrie@yopmail.com,Zhengzhou,doctor
130,Sean,Florina,Sean.Florina@yopmail.com,Boston,developer
131,Molli,Jalbert,Molli.Jalbert@yopmail.com,Gangtok,doctor
132,Jacenta,Jenness,Jacenta.Jenness@yopmail.com,Bangui,developer
133,Bernardine,Talia,Bernardine.Talia@yopmail.com,Dili,doctor
134,Vere,Leffen,Vere.Leffen@yopmail.com,Istanbul,police officer
135,Lyssa,Gemini,Lyssa.Gemini@yopmail.com,Bangui,worker
136,Collen,Duwalt,Collen.Duwalt@yopmail.com,Melekeok,police officer
137,Lacie,Othilia,Lacie.Othilia@yopmail.com,Guatemala City,developer
138,Korrie,Gaal,Korrie.Gaal@yopmail.com,Port Vila,worker
139,Madalyn,Geffner,Madalyn.Geffner@yopmail.com,Mamoudzou,developer
140,Nonnah,Kare,Nonnah.Kare@yopmail.com,Kaohsiung,worker
141,Lorenza,Sammons,Lorenza.Sammons@yopmail.com,Luanda,doctor
142,Linzy,Wandie,Linzy.Wandie@yopmail.com,Yangon,worker
143,Vere,Miru,Vere.Miru@yopmail.com,Medan,firefighter
144,Cordi,Diann,Cordi.Diann@yopmail.com,Basse-Terre,police officer
145,Hayley,Mott,Hayley.Mott@yopmail.com,Whitehorse,doctor
146,Judy,Armanda,Judy.Armanda@yopmail.com,Anchorage,worker
147,Marti,Olin,Marti.Olin@yopmail.com,Pyongyang,doctor
148,Dale,Wind,Dale.Wind@yopmail.com,Lagos,police officer
149,Latisha,Connelly,Latisha.Connelly@yopmail.com,Saipan,worker
150,Jean,Sheng,Jean.Sheng@yopmail.com,Hagåtña,firefighter
151,Cathie,Corilla,Cathie.Corilla@yopmail.com,The Valley,doctor
152,Lorie,Quent,Lorie.Quent@yopmail.com,Monrovia,firefighter
153,Shaine,Felizio,Shaine.Felizio@yopmail.com,Guangzhou,police officer
154,Cindelyn,Raffo,Cindelyn.Raffo@yopmail.com,Amritsar,developer
155,Kathy,Konyn,Kathy.Konyn@yopmail.com,Suva,worker
156,Pollyanna,Firmin,Pollyanna.Firmin@yopmail.com,Qingdao,worker
157,Daune,Zrike,Daune.Zrike@yopmail.com,Adana,developer
158,Emilia,Ivens,Emilia.Ivens@yopmail.com,Basse-Terre,police officer
159,Phylis,Wandie,Phylis.Wandie@yopmail.com,Qingdao,firefighter
160,Teriann,Paine,Teriann.Paine@yopmail.com,Gaza,developer
161,Tori,Hathaway,Tori.Hathaway@yopmail.com,Cockburn Town,firefighter
162,Ebonee,Adamsen,Ebonee.Adamsen@yopmail.com,Helsinki,worker
163,Robinia,Aldric,Robinia.Aldric@yopmail.com,Tashkent,police officer
164,Sheelagh,Vins,Sheelagh.Vins@yopmail.com,Gdańsk,doctor
165,Willetta,Arne,Willetta.Arne@yopmail.com,Cuiabá,firefighter
166,Mariele,Plato,Mariele.Plato@yopmail.com,Hangzhou,worker
167,Winifred,Lubin,Winifred.Lubin@yopmail.com,Guwahati,police officer
168,Fidelia,Rodmann,Fidelia.Rodmann@yopmail.com,Stockholm,developer
169,Rori,Solitta,Rori.Solitta@yopmail.com,Rockhampton,police officer
170,Lily,Emmy,Lily.Emmy@yopmail.com,St. Louis,police officer
171,Quintina,Shaddock,Quintina.Shaddock@yopmail.com,Nakhon Ratchasima,firefighter
172,Sabina,Vernier,Sabina.Vernier@yopmail.com,Rotterdam,worker
173,Donetta,Behre,Donetta.Behre@yopmail.com,Paramaribo,firefighter
174,Moyna,Quent,Moyna.Quent@yopmail.com,Peshawar,worker
175,Isa,Dermott,Isa.Dermott@yopmail.com,Hangzhou,worker
176,Codie,Agle,Codie.Agle@yopmail.com,Antofagasta,police officer
177,Tiffie,Claudine,Tiffie.Claudine@yopmail.com,Naypyidaw,worker
178,Justinn,Wadell,Justinn.Wadell@yopmail.com,Bloemfontein,developer
179,Merle,Gahl,Merle.Gahl@yopmail.com,Batticaloa,developer
180,Nickie,Naashom,Nickie.Naashom@yopmail.com,Quetzaltenango,worker
181,Shaine,Colbert,Shaine.Colbert@yopmail.com,Bern,doctor
182,Mireielle,Brady,Mireielle.Brady@yopmail.com,San Fernando,developer
183,Johna,Urania,Johna.Urania@yopmail.com,City of Halifax,worker
184,Deane,Abbot,Deane.Abbot@yopmail.com,Douala,doctor
185,Blake,Bonilla,Blake.Bonilla@yopmail.com,Abuja,firefighter
186,Sissy,Odysseus,Sissy.Odysseus@yopmail.com,Port Hedland,worker
187,Gilda,Ashok,Gilda.Ashok@yopmail.com,Birmingham,worker
188,Krystle,Iiette,Krystle.Iiette@yopmail.com,Kota Kinabalu,doctor
189,Gianina,Leopold,Gianina.Leopold@yopmail.com,Brikama,police officer
190,Gretal,Koehler,Gretal.Koehler@yopmail.com,Chuí,firefighter
191,Florie,Chobot,Florie.Chobot@yopmail.com,La Paz,firefighter
192,Julieta,Silvan,Julieta.Silvan@yopmail.com,Baghdad,police officer
193,Laure,Cloris,Laure.Cloris@yopmail.com,Belmopan,developer
194,Kalina,Olympium,Kalina.Olympium@yopmail.com,Brisbane,developer
195,Cherilyn,Susannah,Cherilyn.Susannah@yopmail.com,Stepanakert,developer
196,Rubie,Schenck,Rubie.Schenck@yopmail.com,Edmonton,police officer
197,Orsola,Tatianas,Orsola.Tatianas@yopmail.com,Kandahar,worker
198,Kathi,Ade,Kathi.Ade@yopmail.com,Douala,developer
199,Tarra,Philipp,Tarra.Philipp@yopmail.com,Chengdu,doctor
200,Lisette,Eliathas,Lisette.Eliathas@yopmail.com,Cincinnati,police officer
201,Rosanne,Schenck,Rosanne.Schenck@yopmail.com,Riyadh,firefighter
202,Nyssa,Shuler,Nyssa.Shuler@yopmail.com,Tianjin,doctor
203,Dulcinea,Yuille,Dulcinea.Yuille@yopmail.com,Yamoussoukro,developer
204,Jennica,Muriel,Jennica.Muriel@yopmail.com,Luanda,worker
205,Letizia,Syd,Letizia.Syd@yopmail.com,Bishkek,developer
206,Alejandra,Anton,Alejandra.Anton@yopmail.com,Mecca,worker
207,Carmela,Phyllis,Carmela.Phyllis@yopmail.com,Shenzhen,police officer
208,Viviene,Jethro,Viviene.Jethro@yopmail.com,Perm,doctor
209,Monika,Belanger,Monika.Belanger@yopmail.com,Lviv,police officer
210,Xylina,Hilbert,Xylina.Hilbert@yopmail.com,Da Nang,police officer
211,Frieda,Hathaway,Frieda.Hathaway@yopmail.com,Lilongwe,worker
212,Zia,Melleta,Zia.Melleta@yopmail.com,Zürich,worker
213,Valera,Gunn,Valera.Gunn@yopmail.com,Adamstown,police officer
214,Drucie,Ledah,Drucie.Ledah@yopmail.com,Magadan,developer
215,Genovera,Ummersen,Genovera.Ummersen@yopmail.com,Davao City,developer
216,Dania,Sperling,Dania.Sperling@yopmail.com,Banjul,police officer
217,Suzette,Miru,Suzette.Miru@yopmail.com,Nashville,worker
218,Elena,Dielu,Elena.Dielu@yopmail.com,Chittagong,doctor
219,Stephanie,Ranjiv,Stephanie.Ranjiv@yopmail.com,Malang,firefighter
220,Gertrud,Lemuela,Gertrud.Lemuela@yopmail.com,Stuttgart,developer
221,Beverley,Henebry,Beverley.Henebry@yopmail.com,Perth,firefighter
222,Melanie,Lanita,Melanie.Lanita@yopmail.com,Kyoto,worker
223,Maud,Imelida,Maud.Imelida@yopmail.com,Leipzig,police officer
224,Lynea,Radu,Lynea.Radu@yopmail.com,Bangalore,police officer
225,Selma,Tyson,Selma.Tyson@yopmail.com,Indianapolis,worker
226,Agnese,Kellby,Agnese.Kellby@yopmail.com,Louisville,police officer
227,Janenna,Hoenack,Janenna.Hoenack@yopmail.com,Bangalore,doctor
228,Joy,Jess,Joy.Jess@yopmail.com,Xi'an,developer
229,Jere,Ilka,Jere.Ilka@yopmail.com,St. John's,worker
230,Adriana,Margret,Adriana.Margret@yopmail.com,Cockburn Town,developer
231,Christal,Weitman,Christal.Weitman@yopmail.com,Buffalo,worker
232,Selia,Dalli,Selia.Dalli@yopmail.com,Johor Bahru,developer
233,Leona,Cavan,Leona.Cavan@yopmail.com,Glasgow,developer
234,Jsandye,Killigrew,Jsandye.Killigrew@yopmail.com,San José,police officer
235,Bobinette,Eckblad,Bobinette.Eckblad@yopmail.com,Milan,worker
236,Chastity,Sasnett,Chastity.Sasnett@yopmail.com,Kolkata,firefighter
237,Elena,Chick,Elena.Chick@yopmail.com,Chuí,firefighter
238,Cecile,An,Cecile.An@yopmail.com,Leipzig,developer
239,Maud,Crudden,Maud.Crudden@yopmail.com,Bahía Blanca,police officer
240,Willetta,Merell,Willetta.Merell@yopmail.com,Kano,worker
241,Miquela,Federica,Miquela.Federica@yopmail.com,Recife,developer
242,Morganica,Zitvaa,Morganica.Zitvaa@yopmail.com,Luxembourg (city),doctor
243,Noelle,Flyn,Noelle.Flyn@yopmail.com,Rabi Island,firefighter
244,Aryn,Chobot,Aryn.Chobot@yopmail.com,Charlottetown,firefighter
245,Ursulina,Marden,Ursulina.Marden@yopmail.com,Havana,firefighter
246,Karena,Roxanna,Karena.Roxanna@yopmail.com,Palikir,police officer
247,Blondelle,Westphal,Blondelle.Westphal@yopmail.com,Kingstown,developer
248,Ardenia,Meter,Ardenia.Meter@yopmail.com,Horta (Azores),doctor
249,Asia,Gino,Asia.Gino@yopmail.com,Hobart,firefighter
250,Jerry,Penelopa,Jerry.Penelopa@yopmail.com,Niamey,police officer
251,Monika,Sibyls,Monika.Sibyls@yopmail.com,Antananarivo,doctor
252,Clarice,Grosz,Clarice.Grosz@yopmail.com,Lucknow,police officer
253,Max,Louanna,Max.Louanna@yopmail.com,Quebec City,firefighter
254,Roz,Milde,Roz.Milde@yopmail.com,Bucharest,firefighter
255,Amii,Marijo,Amii.Marijo@yopmail.com,Papeete,worker
256,Melanie,Kevon,Melanie.Kevon@yopmail.com,Jeddah,firefighter
257,Bettine,Erlandson,Bettine.Erlandson@yopmail.com,Kota Kinabalu,developer
258,Lita,Reneta,Lita.Reneta@yopmail.com,Quetzaltenango,developer
259,Ketti,Juan,Ketti.Juan@yopmail.com,Phuket (city),doctor
260,Corly,Slifka,Corly.Slifka@yopmail.com,Kiev,police officer
261,Netty,Fax,Netty.Fax@yopmail.com,Osaka,doctor
262,Keelia,Norvol,Keelia.Norvol@yopmail.com,Omsk,worker
263,Abbie,Kalinda,Abbie.Kalinda@yopmail.com,Bergen,police officer
264,Letizia,Malanie,Letizia.Malanie@yopmail.com,Leeds,firefighter
265,Bobinette,Rudolph,Bobinette.Rudolph@yopmail.com,Bern,police officer
266,Marita,Lacombe,Marita.Lacombe@yopmail.com,Bern,worker
267,Harmonia,Hull,Harmonia.Hull@yopmail.com,El Paso,developer
268,Jinny,Huggins,Jinny.Huggins@yopmail.com,Dededo,doctor
269,Roslyn,Orelee,Roslyn.Orelee@yopmail.com,Brasília,worker
270,Phedra,Kesley,Phedra.Kesley@yopmail.com,Cockburn Town,firefighter
271,Judy,Stephie,Judy.Stephie@yopmail.com,Yogyakarta (city),developer
272,Fidelia,Noam,Fidelia.Noam@yopmail.com,Milwaukee,developer
273,Kassey,Wilona,Kassey.Wilona@yopmail.com,Qingdao,police officer
274,Linet,Liebermann,Linet.Liebermann@yopmail.com,Arbil,doctor
275,Cecile,Adlare,Cecile.Adlare@yopmail.com,Juneau,police officer
276,Averyl,Nerita,Averyl.Nerita@yopmail.com,Boa Vista,firefighter
277,Arabel,Lauraine,Arabel.Lauraine@yopmail.com,Zagreb,developer
278,Winny,Joachim,Winny.Joachim@yopmail.com,Auckland,doctor
279,Sam,Eugenia,Sam.Eugenia@yopmail.com,Detroit,developer
280,Cherilyn,Adore,Cherilyn.Adore@yopmail.com,Minsk,police officer
281,Orsola,Rosalba,Orsola.Rosalba@yopmail.com,Toronto,police officer
282,Kathi,Lauraine,Kathi.Lauraine@yopmail.com,Bogotá,firefighter
283,Gui,Bollay,Gui.Bollay@yopmail.com,Concepción,doctor
284,Bill,Meter,Bill.Meter@yopmail.com,Palembang,doctor
285,Ellette,Read,Ellette.Read@yopmail.com,Bishkek,doctor
286,Marline,Woodberry,Marline.Woodberry@yopmail.com,Curitiba,firefighter
287,Ebonee,Amadas,Ebonee.Amadas@yopmail.com,Porto-Novo,firefighter
288,Gaylene,Goth,Gaylene.Goth@yopmail.com,Tijuana,developer
289,Jillayne,Bearnard,Jillayne.Bearnard@yopmail.com,Mecca,worker
290,Elena,Decato,Elena.Decato@yopmail.com,Daegu,police officer
291,Sophia,Lay,Sophia.Lay@yopmail.com,Iquique,police officer
292,Calla,Lalitta,Calla.Lalitta@yopmail.com,Cotonou,police officer
293,Meriel,Simmonds,Meriel.Simmonds@yopmail.com,Ouagadougou,firefighter
294,Isa,Peti,Isa.Peti@yopmail.com,Geneva,worker
295,Rosanne,Carmena,Rosanne.Carmena@yopmail.com,Glasgow,police officer
296,Selma,Autrey,Selma.Autrey@yopmail.com,Townsville,firefighter
297,Flo,Thornburg,Flo.Thornburg@yopmail.com,Cork (city),doctor
298,Lexine,Francyne,Lexine.Francyne@yopmail.com,Vitória,police officer
299,Marita,Nea,Marita.Nea@yopmail.com,San José,firefighter
300,Berta,Emmaline,Berta.Emmaline@yopmail.com,Juneau,developer
301,Yvonne,Xerxes,Yvonne.Xerxes@yopmail.com,Mexico City,firefighter
302,Adriana,Emanuel,Adriana.Emanuel@yopmail.com,Kuching,firefighter
303,Jillayne,Barrus,Jillayne.Barrus@yopmail.com,Samara,developer
304,Nariko,Serilda,Nariko.Serilda@yopmail.com,Shigatse,firefighter
305,Esmeralda,Septima,Esmeralda.Septima@yopmail.com,Ciudad del Este,doctor
306,Kenna,Dalli,Kenna.Dalli@yopmail.com,Almaty,police officer
307,Audrie,Nore,Audrie.Nore@yopmail.com,Jerusalem,worker
308,Paola,Turne,Paola.Turne@yopmail.com,Lobamba,worker
309,Debee,Alcott,Debee.Alcott@yopmail.com,Port Vila,developer
310,Rayna,Ferrell,Rayna.Ferrell@yopmail.com,Huế,police officer
311,Carlie,Johanna,Carlie.Johanna@yopmail.com,São Paulo,police officer
312,Ketti,Latini,Ketti.Latini@yopmail.com,Melekeok,developer
313,Sibella,Ries,Sibella.Ries@yopmail.com,Graz,firefighter
314,Oralee,Edee,Oralee.Edee@yopmail.com,Guayaquil,police officer
315,Rani,Wandie,Rani.Wandie@yopmail.com,Oslo,police officer
316,Corry,Braun,Corry.Braun@yopmail.com,Antwerp,police officer
317,Jeanna,Socha,Jeanna.Socha@yopmail.com,Singapore,worker
318,Belva,Blisse,Belva.Blisse@yopmail.com,Sukhumi,worker
319,Wileen,Aprile,Wileen.Aprile@yopmail.com,Lisbon,developer
320,Amalie,Hertzfeld,Amalie.Hertzfeld@yopmail.com,Santiago,worker
321,Patricia,Pierette,Patricia.Pierette@yopmail.com,Antofagasta,police officer
322,Amara,Odysseus,Amara.Odysseus@yopmail.com,Houston,police officer
323,Ursulina,Dash,Ursulina.Dash@yopmail.com,Oklahoma City,police officer
324,Petronia,Raseda,Petronia.Raseda@yopmail.com,Tucson,doctor
325,Brynna,Infield,Brynna.Infield@yopmail.com,Rabi Island,worker
326,Ida,Papageno,Ida.Papageno@yopmail.com,Sacramento,doctor
327,Madelle,Amethist,Madelle.Amethist@yopmail.com,Francistown,doctor
328,Queenie,Oster,Queenie.Oster@yopmail.com,Marrakech,police officer
329,Margette,Waite,Margette.Waite@yopmail.com,Karachi,firefighter
330,Brynna,Pettiford,Brynna.Pettiford@yopmail.com,Handan,doctor
331,Elka,Hylan,Elka.Hylan@yopmail.com,Cartagena,police officer
332,Lila,Isidore,Lila.Isidore@yopmail.com,Seville,worker
333,Mignon,Miru,Mignon.Miru@yopmail.com,Tagbilaran,worker
334,Agathe,Ries,Agathe.Ries@yopmail.com,Nukuʻalofa,developer
335,Frances,Seumas,Frances.Seumas@yopmail.com,Cayenne,worker
336,Blake,Garbe,Blake.Garbe@yopmail.com,Bridgetown,developer
337,Sindee,Douglass,Sindee.Douglass@yopmail.com,Campinas,doctor
338,Carlie,Shama,Carlie.Shama@yopmail.com,Greenwich,doctor
339,Nataline,Muriel,Nataline.Muriel@yopmail.com,Fairbanks,developer
340,Lolita,Claudine,Lolita.Claudine@yopmail.com,Simferopol,developer
341,Robbi,Konyn,Robbi.Konyn@yopmail.com,Frankfurt,doctor
342,Wilma,Yerkovich,Wilma.Yerkovich@yopmail.com,Porto,police officer
343,Mariann,Fadiman,Mariann.Fadiman@yopmail.com,Aarhus,police officer
344,Fidelia,Buttaro,Fidelia.Buttaro@yopmail.com,Miri,worker
345,Siana,Taima,Siana.Taima@yopmail.com,Sapporo,police officer
346,Valeda,Clarissa,Valeda.Clarissa@yopmail.com,Damascus,worker
347,Alyda,Codding,Alyda.Codding@yopmail.com,San Carlos de Bariloche,developer
348,Ana,Evangelia,Ana.Evangelia@yopmail.com,Cape Town,police officer
349,Carlie,Guildroy,Carlie.Guildroy@yopmail.com,Tbilisi,firefighter
350,Karlee,Cullin,Karlee.Cullin@yopmail.com,Hat Yai,worker
351,Mildrid,Reinke,Mildrid.Reinke@yopmail.com,Bangalore,worker
352,Nadine,Wandie,Nadine.Wandie@yopmail.com,Bloemfontein,police officer
353,Lanae,Torray,Lanae.Torray@yopmail.com,Roseau,developer
354,Bettine,Minetta,Bettine.Minetta@yopmail.com,Shillong,doctor
355,Elbertina,Barbey,Elbertina.Barbey@yopmail.com,Amsterdam,firefighter
356,Danika,Honoria,Danika.Honoria@yopmail.com,Santiago de Cuba,worker
357,Lonnie,Shaver,Lonnie.Shaver@yopmail.com,Shijiazhuang,doctor
358,Corry,Carbo,Corry.Carbo@yopmail.com,George Town,doctor
359,Hallie,Honoria,Hallie.Honoria@yopmail.com,Makassar,worker
360,Trudie,Meter,Trudie.Meter@yopmail.com,Tianjin,developer
361,Moyna,Crudden,Moyna.Crudden@yopmail.com,Medellín,worker
362,Starla,Sprage,Starla.Sprage@yopmail.com,Paramaribo,developer
363,Ashlee,Vilma,Ashlee.Vilma@yopmail.com,San Fernando,doctor
364,Vevay,Mandler,Vevay.Mandler@yopmail.com,Philadelphia,worker
365,Aeriela,Alexandr,Aeriela.Alexandr@yopmail.com,Namangan,police officer
366,Ricky,Harned,Ricky.Harned@yopmail.com,Darwin,police officer
367,Lauryn,Ochs,Lauryn.Ochs@yopmail.com,Kota Bharu,worker
368,Chere,Koehler,Chere.Koehler@yopmail.com,Barcelona,police officer
369,Kathy,Hirsch,Kathy.Hirsch@yopmail.com,Hanga Roa,firefighter
370,Rochette,Tristram,Rochette.Tristram@yopmail.com,Johannesburg,developer
371,Lanae,Lindemann,Lanae.Lindemann@yopmail.com,Dalian,worker
372,Gui,Corabella,Gui.Corabella@yopmail.com,Auckland,firefighter
373,Lanna,Kathie,Lanna.Kathie@yopmail.com,Dhaka,doctor
374,Adriana,Rozanna,Adriana.Rozanna@yopmail.com,Greenwich,developer
375,Damaris,Stefa,Damaris.Stefa@yopmail.com,Horta (Azores),police officer
376,Pamella,Pettiford,Pamella.Pettiford@yopmail.com,Amsterdam,firefighter
377,Albertina,Chem,Albertina.Chem@yopmail.com,El Aaiún,firefighter
378,Danika,Lea,Danika.Lea@yopmail.com,Hamburg,doctor
379,Fernande,Alabaster,Fernande.Alabaster@yopmail.com,Podgorica,police officer
380,Elora,Dorine,Elora.Dorine@yopmail.com,Bangui,firefighter
381,Violet,Libna,Violet.Libna@yopmail.com,Kanpur,developer
382,Hyacinthe,Bevin,Hyacinthe.Bevin@yopmail.com,Basra,doctor
383,Nariko,MacIntosh,Nariko.MacIntosh@yopmail.com,Lanzhou,firefighter
384,Debee,O'Rourke,Debee.O'Rourke@yopmail.com,Charlotte,police officer
385,Jillayne,Chandler,Jillayne.Chandler@yopmail.com,Geelong,worker
386,Morganica,Toffic,Morganica.Toffic@yopmail.com,Dublin,worker
387,Gloria,Monaco,Gloria.Monaco@yopmail.com,Sydney,firefighter
388,Alleen,Miru,Alleen.Miru@yopmail.com,Kansas City,developer
389,Odessa,Abram,Odessa.Abram@yopmail.com,Kingstown,worker
390,Carol-Jean,Hamil,Carol-Jean.Hamil@yopmail.com,Puebla,developer
391,Marnia,Trey,Marnia.Trey@yopmail.com,Kingston,worker
392,Lila,Goddard,Lila.Goddard@yopmail.com,Manila,police officer
393,Tatiania,Monaco,Tatiania.Monaco@yopmail.com,Washington,developer
394,Wendi,Cressida,Wendi.Cressida@yopmail.com,Abidjan,police officer
395,Lorne,Haldas,Lorne.Haldas@yopmail.com,Vatican City,doctor
396,Henriette,Suk,Henriette.Suk@yopmail.com,Vientiane,police officer
397,Talya,Auberbach,Talya.Auberbach@yopmail.com,Maceió,doctor
398,Adele,Lattie,Adele.Lattie@yopmail.com,La Serena,police officer
399,Clarice,Redmond,Clarice.Redmond@yopmail.com,Tunis,developer
400,Flory,Maiah,Flory.Maiah@yopmail.com,Jerusalem,developer
401,Jinny,Rosette,Jinny.Rosette@yopmail.com,Saint-Pierre,worker
402,Janis,Joseph,Janis.Joseph@yopmail.com,Istanbul,police officer
403,Meg,Dielu,Meg.Dielu@yopmail.com,Strasbourg,developer
404,Stephanie,Irmine,Stephanie.Irmine@yopmail.com,Jacksonville,doctor
405,Danny,Means,Danny.Means@yopmail.com,Hilo,firefighter
406,Fanchon,Jefferey,Fanchon.Jefferey@yopmail.com,Manama,doctor
407,Dominga,Mike,Dominga.Mike@yopmail.com,Tampere,police officer
408,Gretal,Audly,Gretal.Audly@yopmail.com,Casablanca,doctor
409,Cristabel,Bronk,Cristabel.Bronk@yopmail.com,Mamoudzou,doctor
410,Fernande,Hollingsworth,Fernande.Hollingsworth@yopmail.com,Ponta Delgada,police officer
411,Mariann,Dex,Mariann.Dex@yopmail.com,El Aaiún,police officer
412,Dolli,Jeanne,Dolli.Jeanne@yopmail.com,Porto Alegre,doctor
413,Sabina,Luhe,Sabina.Luhe@yopmail.com,Geelong,worker
414,Correy,Adlare,Correy.Adlare@yopmail.com,Papeete,worker
415,Jenda,Wilkinson,Jenda.Wilkinson@yopmail.com,Adana,police officer
416,Lenna,Daegal,Lenna.Daegal@yopmail.com,Warsaw,doctor
417,Genevra,Brieta,Genevra.Brieta@yopmail.com,City of Halifax,doctor
418,Jillayne,Orlene,Jillayne.Orlene@yopmail.com,Dodoma,doctor
419,Verla,Sigfrid,Verla.Sigfrid@yopmail.com,Wonsan,police officer
420,Halette,Ardra,Halette.Ardra@yopmail.com,Birmingham,worker
421,Hollie,Ralfston,Hollie.Ralfston@yopmail.com,Dallas,firefighter
422,Nikki,Ajay,Nikki.Ajay@yopmail.com,Novosibirsk,worker
423,Jordan,Margret,Jordan.Margret@yopmail.com,Rochester,police officer
424,Karolina,Even,Karolina.Even@yopmail.com,Bergen,firefighter
425,Ilse,Roarke,Ilse.Roarke@yopmail.com,Alor Star,worker
426,Monika,Christal,Monika.Christal@yopmail.com,Osaka,doctor
427,Roberta,Jotham,Roberta.Jotham@yopmail.com,Daegu,firefighter
428,Adriana,Morehouse,Adriana.Morehouse@yopmail.com,Turin,worker
429,Marline,Cordi,Marline.Cordi@yopmail.com,Linz,police officer
430,Shel,Guthrie,Shel.Guthrie@yopmail.com,Bridgetown,developer
431,Sue,Concha,Sue.Concha@yopmail.com,Ashgabat,worker
432,Keelia,Leifeste,Keelia.Leifeste@yopmail.com,Cuiabá,doctor
433,Hope,Pettiford,Hope.Pettiford@yopmail.com,Düsseldorf,police officer
434,Elsie,Pauly,Elsie.Pauly@yopmail.com,Nukulaelae,police officer
435,Coral,Han,Coral.Han@yopmail.com,New York City,worker
436,Gloria,Magnolia,Gloria.Magnolia@yopmail.com,Colombo,worker
437,Kary,Skurnik,Kary.Skurnik@yopmail.com,Fortaleza,firefighter
438,Daryl,Liebermann,Daryl.Liebermann@yopmail.com,Lahore,firefighter
439,Karena,Taam,Karena.Taam@yopmail.com,Jaipur,doctor
440,Elmira,Yuille,Elmira.Yuille@yopmail.com,Rosario,firefighter
441,Veda,McNully,Veda.McNully@yopmail.com,Beijing,doctor
442,Kary,Frendel,Kary.Frendel@yopmail.com,Antananarivo,police officer
443,Anthia,Hilbert,Anthia.Hilbert@yopmail.com,Madrid,developer
444,Donetta,Fancie,Donetta.Fancie@yopmail.com,Curitiba,firefighter
445,Halette,Orpah,Halette.Orpah@yopmail.com,Almaty,developer
446,Cherilyn,Mallon,Cherilyn.Mallon@yopmail.com,Miami,developer
447,Nanete,Naor,Nanete.Naor@yopmail.com,Boston,police officer
448,Madelle,Ehrman,Madelle.Ehrman@yopmail.com,Palembang,developer
449,Shandie,Raychel,Shandie.Raychel@yopmail.com,Kaohsiung,doctor
450,Maryellen,Genna,Maryellen.Genna@yopmail.com,Buffalo,firefighter
451,Taffy,Hartnett,Taffy.Hartnett@yopmail.com,Nairobi,developer
452,Gerrie,Melan,Gerrie.Melan@yopmail.com,Daegu,doctor
453,Melisent,Jary,Melisent.Jary@yopmail.com,Conakry,police officer
454,Jean,Chinua,Jean.Chinua@yopmail.com,Udon Thani,doctor
455,Korrie,Joachim,Korrie.Joachim@yopmail.com,Ludhiana,police officer
456,Maud,Nedrud,Maud.Nedrud@yopmail.com,Rosario,worker
457,Minda,Argus,Minda.Argus@yopmail.com,Valletta,worker
458,Lesly,Ulphia,Lesly.Ulphia@yopmail.com,Maceió,doctor
459,Anallese,Prouty,Anallese.Prouty@yopmail.com,Vilnius,police officer
460,Charissa,Ackerley,Charissa.Ackerley@yopmail.com,Denver,worker
461,Sandie,Gaspard,Sandie.Gaspard@yopmail.com,Fredericton,developer
462,Sue,Heidt,Sue.Heidt@yopmail.com,Kandy,worker
463,Jinny,Ivens,Jinny.Ivens@yopmail.com,Austin,developer
464,Ana,Tarrant,Ana.Tarrant@yopmail.com,City of Halifax,police officer
465,Ursulina,Schlosser,Ursulina.Schlosser@yopmail.com,Ho Chi Minh City,police officer
466,Clo,Travax,Clo.Travax@yopmail.com,Chennai,developer
467,Vanessa,Alabaster,Vanessa.Alabaster@yopmail.com,Nanjing,doctor
468,Gabriellia,Ellord,Gabriellia.Ellord@yopmail.com,Espoo,firefighter
469,Lolita,Bord,Lolita.Bord@yopmail.com,Huế,doctor
470,Anica,Paine,Anica.Paine@yopmail.com,Zapopan,worker
471,Inga,Magdalen,Inga.Magdalen@yopmail.com,Santiago,doctor
472,Leeanne,Charity,Leeanne.Charity@yopmail.com,Samara,police officer
473,Selma,Adamsen,Selma.Adamsen@yopmail.com,Bogor,doctor
474,Corene,O'Rourke,Corene.O'Rourke@yopmail.com,Punta Arenas,worker
475,Berta,Felecia,Berta.Felecia@yopmail.com,Shijiazhuang,firefighter
476,Suzette,Wittie,Suzette.Wittie@yopmail.com,Douala,worker
477,Kirstin,Lane,Kirstin.Lane@yopmail.com,Kawasaki,police officer
478,Laure,Rustice,Laure.Rustice@yopmail.com,Fredericton,developer
479,Bertine,Hertzfeld,Bertine.Hertzfeld@yopmail.com,Suez,firefighter
480,Delilah,Morrill,Delilah.Morrill@yopmail.com,Cork (city),worker
481,Dorice,Madaih,Dorice.Madaih@yopmail.com,Oranjestad,doctor
482,Kimmy,Melan,Kimmy.Melan@yopmail.com,Malé,worker
483,Harmonia,Cyrie,Harmonia.Cyrie@yopmail.com,Vienna,police officer
484,Constance,Dulciana,Constance.Dulciana@yopmail.com,Brikama,doctor
485,Kial,Boycey,Kial.Boycey@yopmail.com,Manchester,firefighter
486,Elmira,Darbie,Elmira.Darbie@yopmail.com,Gold Coast,firefighter
487,Livvyy,Philipp,Livvyy.Philipp@yopmail.com,Udon Thani,developer
488,Selia,Alabaster,Selia.Alabaster@yopmail.com,Manama,firefighter
489,Trixi,Tippets,Trixi.Tippets@yopmail.com,Guadalajara,developer
490,Dennie,Fink,Dennie.Fink@yopmail.com,La Serena,developer
491,Rhoda,Rosette,Rhoda.Rosette@yopmail.com,Bogotá,doctor
492,Melanie,Xerxes,Melanie.Xerxes@yopmail.com,Innsbruck,firefighter
493,Allis,Eiser,Allis.Eiser@yopmail.com,Ludhiana,doctor
494,Ruthe,Jotham,Ruthe.Jotham@yopmail.com,Kraków,developer
495,Calla,Arley,Calla.Arley@yopmail.com,Ilhéus,police officer
496,Angela,Lalitta,Angela.Lalitta@yopmail.com,Surat,developer
497,Claresta,Faro,Claresta.Faro@yopmail.com,Kathmandu,worker
498,Fanchon,Woodberry,Fanchon.Woodberry@yopmail.com,Graz,worker
499,Juliane,Hutchison,Juliane.Hutchison@yopmail.com,Zhengzhou,doctor
500,Karena,Lacombe,Karena.Lacombe@yopmail.com,Enugu,worker
501,Corene,Bethany,Corene.Bethany@yopmail.com,Ibiza,firefighter
502,Sue,Zuzana,Sue.Zuzana@yopmail.com,San Fernando,doctor
503,Deane,Strephon,Deane.Strephon@yopmail.com,Pattaya,firefighter
504,Robbi,Reidar,Robbi.Reidar@yopmail.com,Kathmandu,worker
505,Annora,Imelida,Annora.Imelida@yopmail.com,Port Said,police officer
506,Karlee,Stuart,Karlee.Stuart@yopmail.com,La Serena,firefighter
507,Neila,Laverne,Neila.Laverne@yopmail.com,Francistown,firefighter
508,Chere,Dorothy,Chere.Dorothy@yopmail.com,Cali,firefighter
509,Amara,Terrence,Amara.Terrence@yopmail.com,Asmara,police officer
510,Gilligan,Lumbard,Gilligan.Lumbard@yopmail.com,Chicago,developer
511,Paulita,Blase,Paulita.Blase@yopmail.com,Fairbanks,developer
512,Ann-Marie,Weinreb,Ann-Marie.Weinreb@yopmail.com,Malabo,doctor
513,Halette,Aprile,Halette.Aprile@yopmail.com,Indianapolis,developer
514,Carilyn,Ball,Carilyn.Ball@yopmail.com,Tallinn,worker
515,Nannie,Candy,Nannie.Candy@yopmail.com,Pelotas,doctor
516,Ericka,Maisey,Ericka.Maisey@yopmail.com,Livingstone,worker
517,Ingrid,Bakerman,Ingrid.Bakerman@yopmail.com,Beijing,police officer
518,Caressa,Ax,Caressa.Ax@yopmail.com,Libreville,police officer
519,Dania,Pozzy,Dania.Pozzy@yopmail.com,Shenyang,developer
520,Cassandra,Goldina,Cassandra.Goldina@yopmail.com,Shanghai,worker
521,Melodie,Vivle,Melodie.Vivle@yopmail.com,Tokyo,firefighter
522,Laurene,Sawtelle,Laurene.Sawtelle@yopmail.com,Leeds,doctor
523,Catharine,Voletta,Catharine.Voletta@yopmail.com,Nukus,developer
524,Marline,Roxanna,Marline.Roxanna@yopmail.com,Perm,worker
525,Chastity,Dulciana,Chastity.Dulciana@yopmail.com,Dunedin,doctor
526,Renie,Ariella,Renie.Ariella@yopmail.com,Huế,worker
527,Rivalee,Toni,Rivalee.Toni@yopmail.com,Rome,worker
528,Tierney,August,Tierney.August@yopmail.com,Bern,police officer
529,Ninnetta,Rodmann,Ninnetta.Rodmann@yopmail.com,Memphis,developer
530,Sissy,Wiener,Sissy.Wiener@yopmail.com,Charlotte,firefighter
531,Catrina,Lipson,Catrina.Lipson@yopmail.com,Campinas,firefighter
532,Cassandra,Idelia,Cassandra.Idelia@yopmail.com,Bogotá,firefighter
533,Perry,Chaing,Perry.Chaing@yopmail.com,Tucson,firefighter
534,Dale,Alfons,Dale.Alfons@yopmail.com,Omdurman,worker
535,Gaylene,Maryanne,Gaylene.Maryanne@yopmail.com,Palikir,police officer
536,Lynnea,Weinreb,Lynnea.Weinreb@yopmail.com,San Francisco,developer
537,Edith,Emerson,Edith.Emerson@yopmail.com,Greenwich,doctor
538,Randa,Cavan,Randa.Cavan@yopmail.com,Alofi,doctor
539,Bee,Jagir,Bee.Jagir@yopmail.com,São Paulo,doctor
540,Harmonia,Clarissa,Harmonia.Clarissa@yopmail.com,São Tomé,worker
541,Marika,Fry,Marika.Fry@yopmail.com,Cotonou,worker
542,Harmonia,Kenwood,Harmonia.Kenwood@yopmail.com,Quezon City,developer
543,Violet,Alarise,Violet.Alarise@yopmail.com,Amsterdam,developer
544,Harmonia,Alarise,Harmonia.Alarise@yopmail.com,Asunción,developer
545,Genevra,Dahlia,Genevra.Dahlia@yopmail.com,Kobe,doctor
546,Dale,Si,Dale.Si@yopmail.com,Macapá,doctor
547,Abbie,Weide,Abbie.Weide@yopmail.com,Norilsk,worker
548,Camile,Rheingold,Camile.Rheingold@yopmail.com,Bangkok,doctor
549,Renie,Gabrielli,Renie.Gabrielli@yopmail.com,Pontianak,firefighter
550,Lilith,Atcliffe,Lilith.Atcliffe@yopmail.com,Rosario,doctor
551,Dode,Latini,Dode.Latini@yopmail.com,Gaziantep,firefighter
552,Jemie,Solitta,Jemie.Solitta@yopmail.com,Mersin,doctor
553,Sherrie,Phaidra,Sherrie.Phaidra@yopmail.com,Amritsar,police officer
554,Sean,Alisia,Sean.Alisia@yopmail.com,Ürümqi,worker
555,Jemie,Colp,Jemie.Colp@yopmail.com,Denver,firefighter
556,Christal,Judye,Christal.Judye@yopmail.com,Innsbruck,worker
557,Shandie,Randene,Shandie.Randene@yopmail.com,Hobart,firefighter
558,Michaelina,Creamer,Michaelina.Creamer@yopmail.com,St. George's,worker
559,Karlee,Phi,Karlee.Phi@yopmail.com,Athens,developer
560,Desirae,Vilma,Desirae.Vilma@yopmail.com,Guatemala City,doctor
561,Jessy,Gusella,Jessy.Gusella@yopmail.com,Louisville,worker
562,Clementine,Franza,Clementine.Franza@yopmail.com,Daegu,developer
563,Olivette,Raul,Olivette.Raul@yopmail.com,Pittsburgh,doctor
564,Chastity,Forrer,Chastity.Forrer@yopmail.com,Ibadan,police officer
565,Constance,Peonir,Constance.Peonir@yopmail.com,Milan,police officer
566,June,Old,June.Old@yopmail.com,Istanbul,firefighter
567,Coral,Carvey,Coral.Carvey@yopmail.com,Podgorica,police officer
568,Madalyn,Azeria,Madalyn.Azeria@yopmail.com,Serekunda,worker
569,Dari,Katrine,Dari.Katrine@yopmail.com,Geelong,developer
570,Alyda,Taam,Alyda.Taam@yopmail.com,Ulan Bator,firefighter
571,Glynnis,Wadell,Glynnis.Wadell@yopmail.com,Cairns,doctor
572,Grier,Tomasina,Grier.Tomasina@yopmail.com,Stuttgart,firefighter
573,Roxane,Helfand,Roxane.Helfand@yopmail.com,San Diego,worker
574,Karly,Anderea,Karly.Anderea@yopmail.com,Luxembourg (city),firefighter
575,Marline,Kelula,Marline.Kelula@yopmail.com,Manaus,police officer
576,Gratia,Freddi,Gratia.Freddi@yopmail.com,Podgorica,police officer
577,Bobinette,Allys,Bobinette.Allys@yopmail.com,Doha,doctor
578,Jenilee,Jobi,Jenilee.Jobi@yopmail.com,Hamburg,doctor
579,Emilia,Miru,Emilia.Miru@yopmail.com,Patna,firefighter
580,Belva,Wilona,Belva.Wilona@yopmail.com,Canberra,developer
581,Tilly,Goerke,Tilly.Goerke@yopmail.com,Da Nang,developer
582,Camile,Mott,Camile.Mott@yopmail.com,Leeds,firefighter
583,Alexine,Kussell,Alexine.Kussell@yopmail.com,Calama,worker
584,Petronia,Ortrude,Petronia.Ortrude@yopmail.com,Arbil,police officer
585,Evaleen,Buttaro,Evaleen.Buttaro@yopmail.com,Chennai,police officer
586,Celisse,Goth,Celisse.Goth@yopmail.com,Munich,worker
587,Kerrin,Bach,Kerrin.Bach@yopmail.com,Raleigh,worker
588,Trudie,Magnolia,Trudie.Magnolia@yopmail.com,Sapporo,developer
589,Dorice,Ciapas,Dorice.Ciapas@yopmail.com,Boa Vista,firefighter
590,Teddie,Clie,Teddie.Clie@yopmail.com,Punta Arenas,worker
591,Roberta,Jena,Roberta.Jena@yopmail.com,Hilo,doctor
592,Dorice,Anyah,Dorice.Anyah@yopmail.com,Chittagong,police officer
593,Wilma,Teryn,Wilma.Teryn@yopmail.com,Saint-Pierre,doctor
594,Fanny,Mott,Fanny.Mott@yopmail.com,Tashkent,doctor
595,Fina,Lenny,Fina.Lenny@yopmail.com,Vilnius,worker
596,Catrina,Nore,Catrina.Nore@yopmail.com,Malmö,doctor
597,Beverley,Simmonds,Beverley.Simmonds@yopmail.com,Mendoza,doctor
598,Fernande,Naor,Fernande.Naor@yopmail.com,Townsville,firefighter
599,Janis,Wind,Janis.Wind@yopmail.com,Bulawayo,firefighter
600,Minne,Douglass,Minne.Douglass@yopmail.com,Gold Coast,developer
601,Gwenneth,Ezar,Gwenneth.Ezar@yopmail.com,Kiev,worker
602,Bill,Ruvolo,Bill.Ruvolo@yopmail.com,Memphis,doctor
603,Brianna,Casimir,Brianna.Casimir@yopmail.com,Yangon,worker
604,Bertine,Cynar,Bertine.Cynar@yopmail.com,Columbus,police officer
605,Joelly,Soneson,Joelly.Soneson@yopmail.com,Samara,developer
606,Laure,Waite,Laure.Waite@yopmail.com,Douala,worker
607,Christian,Angelis,Christian.Angelis@yopmail.com,Oranjestad,police officer
608,Mady,Boycey,Mady.Boycey@yopmail.com,Shanghai,police officer
609,Nessie,Cadmar,Nessie.Cadmar@yopmail.com,Dar es Salaam,police officer
610,Deirdre,Penelopa,Deirdre.Penelopa@yopmail.com,Birkirkara,police officer
611,Maisey,Dannye,Maisey.Dannye@yopmail.com,Dublin,worker
612,Allis,Calhoun,Allis.Calhoun@yopmail.com,Adelaide,police officer
613,Olivette,Hewitt,Olivette.Hewitt@yopmail.com,Mogadishu,developer
614,Regina,Revkah,Regina.Revkah@yopmail.com,Dresden,worker
615,Dania,Wiener,Dania.Wiener@yopmail.com,Bangalore,worker
616,Doralynne,Curren,Doralynne.Curren@yopmail.com,Dubai,doctor
617,Libbie,Iaverne,Libbie.Iaverne@yopmail.com,Shigatse,police officer
618,Imojean,Sothena,Imojean.Sothena@yopmail.com,Conakry,doctor
619,Agnese,Winnick,Agnese.Winnick@yopmail.com,Hong Kong,firefighter
620,Dominga,Lunsford,Dominga.Lunsford@yopmail.com,Murmansk,developer
621,Trudie,Gabrielli,Trudie.Gabrielli@yopmail.com,Sana'a,police officer
622,Althea,Hortensia,Althea.Hortensia@yopmail.com,Jayapura,developer
623,Fanny,Kirbee,Fanny.Kirbee@yopmail.com,Valencia,developer
624,Dotty,Louanna,Dotty.Louanna@yopmail.com,Port Blair,police officer
625,Susette,Kaete,Susette.Kaete@yopmail.com,Tunis,doctor
626,Kimmy,Dearborn,Kimmy.Dearborn@yopmail.com,Muscat,developer
627,Alleen,Dyche,Alleen.Dyche@yopmail.com,Luanda,doctor
628,Millie,Colyer,Millie.Colyer@yopmail.com,Zhengzhou,police officer
629,Myriam,Rustice,Myriam.Rustice@yopmail.com,Nouméa,firefighter
630,Hermione,Pond,Hermione.Pond@yopmail.com,Jinan,firefighter
631,Sheree,Chapland,Sheree.Chapland@yopmail.com,Gaza,doctor
632,Petronia,Decato,Petronia.Decato@yopmail.com,Pristina,worker
633,Lelah,Rurik,Lelah.Rurik@yopmail.com,Port of Spain,doctor
634,Krystle,Goode,Krystle.Goode@yopmail.com,Nakhon Ratchasima,firefighter
635,Alia,Glovsky,Alia.Glovsky@yopmail.com,Singapore,developer
636,Mahalia,Cynar,Mahalia.Cynar@yopmail.com,Veracruz,developer
637,Lorne,Rugen,Lorne.Rugen@yopmail.com,Rio de Janeiro,firefighter
638,Sam,Goth,Sam.Goth@yopmail.com,Pago Pago,police officer
639,Dari,Dex,Dari.Dex@yopmail.com,South Tarawa,worker
640,Elka,Liva,Elka.Liva@yopmail.com,Tehran,developer
641,Konstance,Jillane,Konstance.Jillane@yopmail.com,London,police officer
642,Riannon,O'Rourke,Riannon.O'Rourke@yopmail.com,Medellín,firefighter
643,Renae,Stav,Renae.Stav@yopmail.com,Juneau,worker
644,Lizzie,Jammal,Lizzie.Jammal@yopmail.com,Zagreb,police officer
645,Regina,Si,Regina.Si@yopmail.com,Santiago,firefighter
646,Lorie,Harriman,Lorie.Harriman@yopmail.com,Tirana,doctor
647,Christian,Linskey,Christian.Linskey@yopmail.com,Jerusalem,worker
648,Constance,Donell,Constance.Donell@yopmail.com,Maceió,developer
649,Anallese,Jalbert,Anallese.Jalbert@yopmail.com,El Aaiún,developer
650,Aili,Joni,Aili.Joni@yopmail.com,Taipei,police officer
651,Neila,Sheng,Neila.Sheng@yopmail.com,Port Elizabeth,worker
652,Amelia,Yerkovich,Amelia.Yerkovich@yopmail.com,Cockburn Town,developer
653,Daphne,Bartlett,Daphne.Bartlett@yopmail.com,Asmara,firefighter
654,Collen,Erb,Collen.Erb@yopmail.com,Mérida,developer
655,Aubrie,Pulsifer,Aubrie.Pulsifer@yopmail.com,Townsville,doctor
656,Helena,Croix,Helena.Croix@yopmail.com,Doha,firefighter
657,Karly,Roarke,Karly.Roarke@yopmail.com,Palikir,doctor
658,Britni,Suk,Britni.Suk@yopmail.com,Davao City,doctor
659,Aubrie,Gilmour,Aubrie.Gilmour@yopmail.com,Cork (city),developer
660,Gratia,Angelis,Gratia.Angelis@yopmail.com,Alofi,developer
661,Nita,Celestine,Nita.Celestine@yopmail.com,Santiago de Cuba,police officer
662,Bernie,Maiah,Bernie.Maiah@yopmail.com,Pattaya,doctor
663,Rubie,Eckblad,Rubie.Eckblad@yopmail.com,Libreville,developer
664,Nariko,Poll,Nariko.Poll@yopmail.com,Malang,doctor
665,Cristine,McLaughlin,Cristine.McLaughlin@yopmail.com,Yellowknife,doctor
666,Lauryn,Fink,Lauryn.Fink@yopmail.com,Khartoum,developer
667,Jinny,Persse,Jinny.Persse@yopmail.com,Xi'an,doctor
668,Danika,Vanni,Danika.Vanni@yopmail.com,Houston,worker
669,Anica,McLaughlin,Anica.McLaughlin@yopmail.com,Panama City,police officer
670,Tonia,Kannry,Tonia.Kannry@yopmail.com,Harare,developer
671,Althea,Linskey,Althea.Linskey@yopmail.com,Ibadan,doctor
672,Mathilda,Anis,Mathilda.Anis@yopmail.com,Sukhumi,developer
673,Brana,Amasa,Brana.Amasa@yopmail.com,The Valley,developer
674,Justinn,Bandeen,Justinn.Bandeen@yopmail.com,Greenwich,developer
675,Kaja,Gillan,Kaja.Gillan@yopmail.com,Tamale,firefighter
676,Krystle,Engdahl,Krystle.Engdahl@yopmail.com,Labasa,worker
677,Lorenza,Vharat,Lorenza.Vharat@yopmail.com,Rabat,firefighter
678,Chastity,Bendick,Chastity.Bendick@yopmail.com,Yamoussoukro,doctor
679,Micheline,Eben,Micheline.Eben@yopmail.com,Salt Lake City,worker
680,Ada,Pillsbury,Ada.Pillsbury@yopmail.com,Bandung,firefighter
681,Johna,Stevy,Johna.Stevy@yopmail.com,Havana,developer
682,Rori,Roumell,Rori.Roumell@yopmail.com,Luxor,worker
683,Agathe,Felizio,Agathe.Felizio@yopmail.com,Cartagena,police officer
684,Flory,Yuille,Flory.Yuille@yopmail.com,Lubumbashi,firefighter
685,Neila,Minetta,Neila.Minetta@yopmail.com,Port Said,developer
686,Justinn,Fabiola,Justinn.Fabiola@yopmail.com,San Antonio,worker
687,Sara-Ann,Parsaye,Sara-Ann.Parsaye@yopmail.com,Basra,firefighter
688,Sadie,Alcott,Sadie.Alcott@yopmail.com,Antwerp,police officer
689,Sandie,Zola,Sandie.Zola@yopmail.com,Gold Coast,worker
690,Georgina,Bonucci,Georgina.Bonucci@yopmail.com,Amsterdam,developer
691,Mildrid,Donoghue,Mildrid.Donoghue@yopmail.com,Apia,doctor
692,Frances,Douglass,Frances.Douglass@yopmail.com,Harbin,developer
693,Raf,Phaidra,Raf.Phaidra@yopmail.com,Brasília,police officer
694,Johna,Bebe,Johna.Bebe@yopmail.com,Jinan,doctor
695,Kassey,Claudine,Kassey.Claudine@yopmail.com,Quezon City,worker
696,Danika,Kannry,Danika.Kannry@yopmail.com,Townsville,worker
697,Helsa,Wolfgram,Helsa.Wolfgram@yopmail.com,Santiago de Cuba,doctor
698,Cyb,Radu,Cyb.Radu@yopmail.com,Monterrey,developer
699,Trixi,Lay,Trixi.Lay@yopmail.com,Sukhumi,doctor
700,Beatriz,LaRue,Beatriz.LaRue@yopmail.com,Riyadh,firefighter
701,Cindelyn,Delacourt,Cindelyn.Delacourt@yopmail.com,La Serena,doctor
702,Calla,Sacken,Calla.Sacken@yopmail.com,Karachi,doctor
703,Angelique,Behre,Angelique.Behre@yopmail.com,Yaoundé,worker
704,Estell,Pulsifer,Estell.Pulsifer@yopmail.com,New York City,doctor
705,Noelle,Birdella,Noelle.Birdella@yopmail.com,Mamoudzou,firefighter
706,Dorthy,Secrest,Dorthy.Secrest@yopmail.com,Albuquerque,developer
707,Evita,Friede,Evita.Friede@yopmail.com,Phoenix,firefighter
708,Miquela,Durware,Miquela.Durware@yopmail.com,Apia,developer
709,Janenna,Havens,Janenna.Havens@yopmail.com,Bangui,worker
710,Julieta,Dom,Julieta.Dom@yopmail.com,Santa Cruz de Tenerife,police officer
711,Averyl,McCutcheon,Averyl.McCutcheon@yopmail.com,Salt Lake City,developer
712,Elbertina,Daveta,Elbertina.Daveta@yopmail.com,Port Blair,police officer
713,Rivalee,Desai,Rivalee.Desai@yopmail.com,Ashgabat,doctor
714,Christal,Hazlett,Christal.Hazlett@yopmail.com,Xi'an,firefighter
715,Babita,Corrine,Babita.Corrine@yopmail.com,Dushanbe,police officer
716,Theodora,Grosz,Theodora.Grosz@yopmail.com,Dubai,police officer
717,Charmaine,Maisey,Charmaine.Maisey@yopmail.com,Naypyidaw,developer
718,Phedra,Heisel,Phedra.Heisel@yopmail.com,Hong Kong,police officer
719,Phylis,Eachern,Phylis.Eachern@yopmail.com,Mexicali,firefighter
720,Gisela,Nester,Gisela.Nester@yopmail.com,Patna,police officer
721,Wendi,Salvidor,Wendi.Salvidor@yopmail.com,Graz,worker
722,Lorenza,Susannah,Lorenza.Susannah@yopmail.com,Kota Kinabalu,developer
723,Sybille,Read,Sybille.Read@yopmail.com,Lanzhou,firefighter
724,Ida,Wu,Ida.Wu@yopmail.com,Udon Thani,developer
725,Sandie,Wenda,Sandie.Wenda@yopmail.com,Santa Cruz de la Sierra,firefighter
726,Georgetta,Xerxes,Georgetta.Xerxes@yopmail.com,Balikpapan,worker
727,Atlanta,Bates,Atlanta.Bates@yopmail.com,Split (city),worker
728,Madelle,Franza,Madelle.Franza@yopmail.com,Ciudad del Este,doctor
729,Raina,Nadia,Raina.Nadia@yopmail.com,Magadan,doctor
730,Carlie,Lindemann,Carlie.Lindemann@yopmail.com,Luanda,police officer
731,Fina,Vittoria,Fina.Vittoria@yopmail.com,Basra,firefighter
732,Molli,Turne,Molli.Turne@yopmail.com,Chittagong,worker
733,Lolita,Raffo,Lolita.Raffo@yopmail.com,Maracaibo,police officer
734,Paulita,Japeth,Paulita.Japeth@yopmail.com,Conakry,police officer
735,Lexine,Parsaye,Lexine.Parsaye@yopmail.com,Shenzhen,doctor
736,Goldie,Dahlia,Goldie.Dahlia@yopmail.com,Alexandria,doctor
737,Gusty,Myrilla,Gusty.Myrilla@yopmail.com,Tiraspol,developer
738,Gratia,Behre,Gratia.Behre@yopmail.com,Kigali,doctor
739,Addia,Waite,Addia.Waite@yopmail.com,Bandung,police officer
740,Tabbatha,Riordan,Tabbatha.Riordan@yopmail.com,Dhaka,developer
741,Carilyn,Lumbard,Carilyn.Lumbard@yopmail.com,Serekunda,worker
742,Merle,Ephrem,Merle.Ephrem@yopmail.com,Road Town,doctor
743,Dione,Dorine,Dione.Dorine@yopmail.com,Kraków,worker
744,Deane,Fredi,Deane.Fredi@yopmail.com,Geelong,developer
745,Roseline,Soneson,Roseline.Soneson@yopmail.com,New Delhi,police officer
746,Siana,Bibi,Siana.Bibi@yopmail.com,Cannes,doctor
747,Caryl,Marcellus,Caryl.Marcellus@yopmail.com,Puerto Williams,firefighter
748,Demetris,Schwejda,Demetris.Schwejda@yopmail.com,Lucknow,police officer
749,Ida,Malanie,Ida.Malanie@yopmail.com,Moroni,doctor
750,Fredericka,Gale,Fredericka.Gale@yopmail.com,Graz,doctor
751,Almeta,Autrey,Almeta.Autrey@yopmail.com,Salzburg,doctor
752,Charissa,Curren,Charissa.Curren@yopmail.com,Calama,worker
753,Sandie,Love,Sandie.Love@yopmail.com,Bangalore,worker
754,Myrtice,Bari,Myrtice.Bari@yopmail.com,Christchurch,firefighter
755,Rebeca,Destinee,Rebeca.Destinee@yopmail.com,Fukuoka,worker
756,Jordan,Irmine,Jordan.Irmine@yopmail.com,Kandy,police officer
757,Orsola,Evangelia,Orsola.Evangelia@yopmail.com,Hargeisa,worker
758,Brana,Parette,Brana.Parette@yopmail.com,Skopje,doctor
759,Carmencita,Camden,Carmencita.Camden@yopmail.com,Kansas City,firefighter
760,Brietta,Concha,Brietta.Concha@yopmail.com,Buenos Aires,doctor
761,Jeanna,Arne,Jeanna.Arne@yopmail.com,Wellington,worker
762,Shauna,Atcliffe,Shauna.Atcliffe@yopmail.com,Kuala Lumpur,police officer
763,Iseabal,Lail,Iseabal.Lail@yopmail.com,Kuching,developer
764,Brianna,Faria,Brianna.Faria@yopmail.com,Santiago de Cuba,doctor
765,Talya,Gilmour,Talya.Gilmour@yopmail.com,Sukhumi,worker
766,Kara-Lynn,Erminia,Kara-Lynn.Erminia@yopmail.com,Mexicali,doctor
767,Gavrielle,Marcellus,Gavrielle.Marcellus@yopmail.com,Salt Lake City,developer
768,Loree,Mata,Loree.Mata@yopmail.com,Las Palmas de Gran Canaria,firefighter
769,Clementine,Virgin,Clementine.Virgin@yopmail.com,Auckland,doctor
770,Valli,Bury,Valli.Bury@yopmail.com,Medina,developer
771,Pollyanna,Gaynor,Pollyanna.Gaynor@yopmail.com,San Antonio,developer
772,Dotty,Milde,Dotty.Milde@yopmail.com,El Paso,doctor
773,Daphne,Johnsson,Daphne.Johnsson@yopmail.com,Angra do Heroísmo,firefighter
774,Roslyn,Delp,Roslyn.Delp@yopmail.com,Boa Vista,police officer
775,Lenna,Kress,Lenna.Kress@yopmail.com,Kinshasa,firefighter
776,Kaia,Moseley,Kaia.Moseley@yopmail.com,Ndola,worker
777,Laure,Bandeen,Laure.Bandeen@yopmail.com,Madrid,worker
778,Chrystel,Olympium,Chrystel.Olympium@yopmail.com,Tijuana,firefighter
779,Gaylene,Alcott,Gaylene.Alcott@yopmail.com,Belgrade,worker
780,Giustina,Odell,Giustina.Odell@yopmail.com,Porto Alegre,police officer
781,Yolane,Pernick,Yolane.Pernick@yopmail.com,Chiang Mai,worker
782,Gilligan,Montgomery,Gilligan.Montgomery@yopmail.com,Chennai,doctor
783,Nonnah,Glovsky,Nonnah.Glovsky@yopmail.com,Huế,police officer
784,Clarice,Holbrook,Clarice.Holbrook@yopmail.com,Sukhumi,police officer
785,Shaine,Egbert,Shaine.Egbert@yopmail.com,Split (city),worker
786,Merrie,Hessler,Merrie.Hessler@yopmail.com,Medina,police officer
787,Melanie,Gavrila,Melanie.Gavrila@yopmail.com,Pattaya,firefighter
788,Dianemarie,Dorine,Dianemarie.Dorine@yopmail.com,Valencia,firefighter
789,Debee,Morgun,Debee.Morgun@yopmail.com,Jaipur,doctor
790,Gisela,Greyson,Gisela.Greyson@yopmail.com,Rome,worker
791,Marinna,Chem,Marinna.Chem@yopmail.com,Nakhon Ratchasima,police officer
792,Sophia,Naashom,Sophia.Naashom@yopmail.com,Pristina,developer
793,Cissiee,Flita,Cissiee.Flita@yopmail.com,Dushanbe,worker
794,Tobe,Maurine,Tobe.Maurine@yopmail.com,Mwanza,doctor
795,Jinny,Melleta,Jinny.Melleta@yopmail.com,Leipzig,firefighter
796,Leia,Aprile,Leia.Aprile@yopmail.com,Miami,worker
797,Harrietta,Stephie,Harrietta.Stephie@yopmail.com,San José,police officer
798,Carree,Even,Carree.Even@yopmail.com,Belize City,firefighter
799,Carly,Vernier,Carly.Vernier@yopmail.com,Hai Phong,police officer
800,Dorothy,Zetta,Dorothy.Zetta@yopmail.com,Makati City,police officer
801,Bertine,Old,Bertine.Old@yopmail.com,Las Vegas,worker
802,Marti,Kermit,Marti.Kermit@yopmail.com,Christchurch,worker
803,Catharine,Armanda,Catharine.Armanda@yopmail.com,Kota Kinabalu,worker
804,Cristine,Jotham,Cristine.Jotham@yopmail.com,Belize City,firefighter
805,Elie,Hilbert,Elie.Hilbert@yopmail.com,Leeds,police officer
806,Trixi,Whittaker,Trixi.Whittaker@yopmail.com,Blantyre,developer
807,Pollyanna,Burnside,Pollyanna.Burnside@yopmail.com,Recife,developer
808,Hyacinthe,Winthorpe,Hyacinthe.Winthorpe@yopmail.com,San Juan,police officer
809,Ada,Dosia,Ada.Dosia@yopmail.com,Rockhampton,developer
810,Lynea,Israeli,Lynea.Israeli@yopmail.com,Zapopan,worker
811,Rani,Dielu,Rani.Dielu@yopmail.com,Nukus,developer
812,Aimil,Carvey,Aimil.Carvey@yopmail.com,Shenzhen,developer
813,Selia,Beniamino,Selia.Beniamino@yopmail.com,Gangtok,worker
814,Ida,Ricarda,Ida.Ricarda@yopmail.com,Fort-de-France,police officer
815,Ethel,Isacco,Ethel.Isacco@yopmail.com,Alofi,police officer
816,Ada,Hashim,Ada.Hashim@yopmail.com,Yaren District,developer
817,Regina,Kiyoshi,Regina.Kiyoshi@yopmail.com,Montevideo,developer
818,Rosanne,Himelman,Rosanne.Himelman@yopmail.com,Podgorica,worker
819,Winny,Ferrell,Winny.Ferrell@yopmail.com,Castries,firefighter
820,Ann-Marie,Yerkovich,Ann-Marie.Yerkovich@yopmail.com,Suva,developer
821,Briney,Urania,Briney.Urania@yopmail.com,Bangalore,police officer
822,Judy,Rese,Judy.Rese@yopmail.com,Lviv,doctor
823,Nannie,Hashim,Nannie.Hashim@yopmail.com,Cannes,police officer
824,Fernande,Schenck,Fernande.Schenck@yopmail.com,Yekaterinburg,developer
825,Gilligan,Alfons,Gilligan.Alfons@yopmail.com,Kota Bharu,developer
826,Adore,MacIntosh,Adore.MacIntosh@yopmail.com,Alexandria,doctor
827,Ermengarde,Ammann,Ermengarde.Ammann@yopmail.com,Moroni,worker
828,Raquela,Schroth,Raquela.Schroth@yopmail.com,Greenwich,firefighter
829,Lusa,Martsen,Lusa.Martsen@yopmail.com,Abuja,worker
830,Daune,Tybald,Daune.Tybald@yopmail.com,Townsville,doctor
831,Rhoda,Chem,Rhoda.Chem@yopmail.com,Batticaloa,developer
832,Hayley,Kosey,Hayley.Kosey@yopmail.com,Tunis,firefighter
833,Frank,Carbo,Frank.Carbo@yopmail.com,Birkirkara,police officer
834,Teddie,Wiener,Teddie.Wiener@yopmail.com,Kano,police officer
835,Jsandye,Rosemary,Jsandye.Rosemary@yopmail.com,Toulouse,firefighter
836,Annora,Reidar,Annora.Reidar@yopmail.com,San Francisco,doctor
837,Quintina,Haldas,Quintina.Haldas@yopmail.com,Apia,worker
838,Cam,Telfer,Cam.Telfer@yopmail.com,George Town,doctor
839,Elmira,Lilas,Elmira.Lilas@yopmail.com,Iquitos,doctor
840,Carol-Jean,Cookie,Carol-Jean.Cookie@yopmail.com,Lisbon,firefighter
841,Kial,Johanna,Kial.Johanna@yopmail.com,Quito,worker
842,Cyndie,Elbertina,Cyndie.Elbertina@yopmail.com,Da Nang,firefighter
843,Fred,Sasnett,Fred.Sasnett@yopmail.com,Douala,firefighter
844,Almeta,Wilona,Almeta.Wilona@yopmail.com,Canberra,worker
845,Tarra,Genna,Tarra.Genna@yopmail.com,St. John's,doctor
846,Leeanne,Schenck,Leeanne.Schenck@yopmail.com,Jacksonville,police officer
847,Jorry,Hull,Jorry.Hull@yopmail.com,Taichung,worker
848,Bobbi,Corilla,Bobbi.Corilla@yopmail.com,Bamako,doctor
849,Gaylene,Edmund,Gaylene.Edmund@yopmail.com,Riga,police officer
850,Olivette,Vilma,Olivette.Vilma@yopmail.com,Invercargill,developer
851,Drucie,Maisey,Drucie.Maisey@yopmail.com,Lviv,doctor
852,Pamella,Hartnett,Pamella.Hartnett@yopmail.com,Magadan,police officer
853,Dulce,Andrel,Dulce.Andrel@yopmail.com,Iqaluit,worker
854,Olwen,Melan,Olwen.Melan@yopmail.com,Thiès,firefighter
855,Carolina,Kesley,Carolina.Kesley@yopmail.com,Moscow,doctor
856,Glenda,Justinn,Glenda.Justinn@yopmail.com,Bridgetown,firefighter
857,Tonia,Ummersen,Tonia.Ummersen@yopmail.com,Ibiza,doctor
858,Kathy,Middleton,Kathy.Middleton@yopmail.com,Mashhad,police officer
859,Vivia,Fiester,Vivia.Fiester@yopmail.com,Sri Jayawardenapura-Kotte,developer
860,Brandise,Ramona,Brandise.Ramona@yopmail.com,Novosibirsk,doctor
861,Trudie,Faust,Trudie.Faust@yopmail.com,Asunción,police officer
862,Lorne,Pillsbury,Lorne.Pillsbury@yopmail.com,Niamey,firefighter
863,Molli,Weinreb,Molli.Weinreb@yopmail.com,Antwerp,doctor
864,Maridel,Euridice,Maridel.Euridice@yopmail.com,Durango,doctor
865,Vivia,Anis,Vivia.Anis@yopmail.com,Denver,worker
866,Therine,Bach,Therine.Bach@yopmail.com,Kuwait City,firefighter
867,Nelle,Sigfrid,Nelle.Sigfrid@yopmail.com,Port Moresby,developer
868,Leona,Jerold,Leona.Jerold@yopmail.com,Dongguan,doctor
869,Quintina,Leler,Quintina.Leler@yopmail.com,Asunción,firefighter
870,Deloria,Hutchison,Deloria.Hutchison@yopmail.com,Adelaide,police officer
871,Drucie,Carvey,Drucie.Carvey@yopmail.com,Makati City,worker
872,Tatiania,Campball,Tatiania.Campball@yopmail.com,Amman,police officer
873,Gratia,Tomasina,Gratia.Tomasina@yopmail.com,Road Town,doctor
874,Kirstin,Stacy,Kirstin.Stacy@yopmail.com,Belmopan,worker
875,Hollie,Cyrie,Hollie.Cyrie@yopmail.com,Monterrey,doctor
876,Thalia,Calhoun,Thalia.Calhoun@yopmail.com,Chongjin,police officer
877,Glynnis,Prober,Glynnis.Prober@yopmail.com,Koror,doctor
878,Rhea,Nelsen,Rhea.Nelsen@yopmail.com,Juneau,worker
879,Edyth,Diann,Edyth.Diann@yopmail.com,Marrakech,worker
880,Melanie,Joeann,Melanie.Joeann@yopmail.com,Luxembourg (city),police officer
881,Correy,Beniamino,Correy.Beniamino@yopmail.com,Rochester,worker
882,Aaren,Francyne,Aaren.Francyne@yopmail.com,Saskatoon,developer
883,Clo,Howlyn,Clo.Howlyn@yopmail.com,Ürümqi,firefighter
884,Aaren,Si,Aaren.Si@yopmail.com,Novosibirsk,police officer
885,Eolanda,Hathaway,Eolanda.Hathaway@yopmail.com,New York City,police officer
886,Charmaine,Raffo,Charmaine.Raffo@yopmail.com,Hargeisa,police officer
887,Lexine,Jerald,Lexine.Jerald@yopmail.com,Fairbanks,developer
888,Randa,Travax,Randa.Travax@yopmail.com,Fortaleza,doctor
889,Hayley,Diogenes,Hayley.Diogenes@yopmail.com,Medellín,developer
890,Mariele,Lilybelle,Mariele.Lilybelle@yopmail.com,La Paz,firefighter
891,Nanete,Wallis,Nanete.Wallis@yopmail.com,Málaga,doctor
892,Jacquetta,Seessel,Jacquetta.Seessel@yopmail.com,Tel Aviv,worker
893,Ivett,Brittani,Ivett.Brittani@yopmail.com,Pristina,developer
894,Roz,Rolf,Roz.Rolf@yopmail.com,Perth,worker
895,Glenda,Hepsibah,Glenda.Hepsibah@yopmail.com,Brasília,firefighter
896,Philis,Zenas,Philis.Zenas@yopmail.com,Prague,police officer
897,Karena,Bobbee,Karena.Bobbee@yopmail.com,Santo Domingo,developer
898,Jan,Constancy,Jan.Constancy@yopmail.com,Milan,firefighter
899,Jere,Michella,Jere.Michella@yopmail.com,Gangtok,worker
900,Laurene,Imelida,Laurene.Imelida@yopmail.com,Santiago de Cuba,firefighter
901,Ada,Jacqui,Ada.Jacqui@yopmail.com,Livingstone,worker
902,Grier,Lesley,Grier.Lesley@yopmail.com,Nanning,doctor
903,Ruthe,Hanleigh,Ruthe.Hanleigh@yopmail.com,Ibiza,worker
904,Judy,Roxanna,Judy.Roxanna@yopmail.com,Luxembourg (city),developer
905,Lily,Danby,Lily.Danby@yopmail.com,Belmopan,developer
906,Ebonee,Duwalt,Ebonee.Duwalt@yopmail.com,Asunción,firefighter
907,Nonnah,Wilona,Nonnah.Wilona@yopmail.com,Cincinnati,worker
908,Gale,Francene,Gale.Francene@yopmail.com,Tokyo,doctor
909,Latisha,Percy,Latisha.Percy@yopmail.com,Mandurah,worker
910,Petronia,Papageno,Petronia.Papageno@yopmail.com,Las Palmas de Gran Canaria,developer
911,Melanie,Thunell,Melanie.Thunell@yopmail.com,Edinburgh,doctor
912,Marika,Estella,Marika.Estella@yopmail.com,Washington,firefighter
913,Amara,Esmaria,Amara.Esmaria@yopmail.com,Bishkek,doctor
914,Nollie,Bohlin,Nollie.Bohlin@yopmail.com,Maceió,worker
915,Angela,Smitt,Angela.Smitt@yopmail.com,Palma,developer
916,Dione,Marijo,Dione.Marijo@yopmail.com,Guadalajara,worker
917,Carmencita,Delacourt,Carmencita.Delacourt@yopmail.com,Palikir,worker
918,Latisha,Karylin,Latisha.Karylin@yopmail.com,Sucre,police officer
919,Dione,Honoria,Dione.Honoria@yopmail.com,Horta (Azores),developer
920,Petronia,Alabaster,Petronia.Alabaster@yopmail.com,Las Palmas de Gran Canaria,developer
921,Konstance,Ferino,Konstance.Ferino@yopmail.com,Lomé,firefighter
922,Bee,Honoria,Bee.Honoria@yopmail.com,Stanley,worker
923,Jsandye,Quent,Jsandye.Quent@yopmail.com,Port-au-Prince,firefighter
924,Allyce,Daveta,Allyce.Daveta@yopmail.com,Asunción,doctor
925,Christal,Donoghue,Christal.Donoghue@yopmail.com,San Francisco,worker
926,Chloris,Juan,Chloris.Juan@yopmail.com,Los Angeles,developer
927,Clarice,Arne,Clarice.Arne@yopmail.com,Winnipeg,worker
928,Judy,Janith,Judy.Janith@yopmail.com,Vientiane,firefighter
929,Andeee,Colleen,Andeee.Colleen@yopmail.com,Sabha,worker
930,Sharai,Dreda,Sharai.Dreda@yopmail.com,Sofia,police officer
931,Harrietta,Newell,Harrietta.Newell@yopmail.com,Damascus,developer
932,Dorothy,Pascia,Dorothy.Pascia@yopmail.com,Rabat,police officer
933,Valera,Quent,Valera.Quent@yopmail.com,Porto-Novo,developer
934,Allyce,Arathorn,Allyce.Arathorn@yopmail.com,Townsville,worker
935,Celestyna,O'Rourke,Celestyna.O'Rourke@yopmail.com,Daegu,firefighter
936,Esmeralda,Ashok,Esmeralda.Ashok@yopmail.com,Shenzhen,developer
937,Gui,Karna,Gui.Karna@yopmail.com,Mandurah,doctor
938,Tami,Randene,Tami.Randene@yopmail.com,Puebla,doctor
939,Adriana,Dominy,Adriana.Dominy@yopmail.com,Luxembourg (city),doctor
940,Lesly,Waite,Lesly.Waite@yopmail.com,Istanbul,doctor
941,Dorthy,Nerita,Dorthy.Nerita@yopmail.com,Gibraltar,developer
942,Evita,Tremayne,Evita.Tremayne@yopmail.com,Port Louis,worker
943,Jobi,Eachern,Jobi.Eachern@yopmail.com,Gdańsk,firefighter
944,Tybie,Leonard,Tybie.Leonard@yopmail.com,Avarua,police officer
945,Wilma,Boycey,Wilma.Boycey@yopmail.com,Monrovia,doctor
946,Brana,Lamoree,Brana.Lamoree@yopmail.com,Salt Lake City,developer
947,Inga,Waldron,Inga.Waldron@yopmail.com,Abu Dhabi,firefighter
948,Corly,Rudolph,Corly.Rudolph@yopmail.com,Vatican City,firefighter
949,Karolina,Stelle,Karolina.Stelle@yopmail.com,Ottawa,doctor
950,Tracey,Primalia,Tracey.Primalia@yopmail.com,Edmonton,worker
951,Flo,Palocz,Flo.Palocz@yopmail.com,Seattle,doctor
952,Dari,Malvino,Dari.Malvino@yopmail.com,Cayenne,developer
953,Starla,Doig,Starla.Doig@yopmail.com,İzmir,doctor
954,Lily,Emerson,Lily.Emerson@yopmail.com,Koulikoro,worker
955,Cecile,Kevon,Cecile.Kevon@yopmail.com,Townsville,firefighter
956,Shaine,Breed,Shaine.Breed@yopmail.com,Salzburg,doctor
957,Nerta,Hedve,Nerta.Hedve@yopmail.com,Santiago,developer
958,Chandra,Roxanna,Chandra.Roxanna@yopmail.com,Frankfurt,worker
959,Fanny,Halsey,Fanny.Halsey@yopmail.com,Chişinău,firefighter
960,Merle,Gale,Merle.Gale@yopmail.com,Koror,doctor
961,Verla,Jagir,Verla.Jagir@yopmail.com,Porto,doctor
962,Therine,Maribeth,Therine.Maribeth@yopmail.com,Geelong,developer
963,Adore,Ricki,Adore.Ricki@yopmail.com,Sacramento,doctor
964,Cecile,Braun,Cecile.Braun@yopmail.com,Porto,firefighter
965,Brietta,Vharat,Brietta.Vharat@yopmail.com,Pelotas,worker
966,Brandise,Stelle,Brandise.Stelle@yopmail.com,Mandurah,firefighter
967,Annecorinne,Glovsky,Annecorinne.Glovsky@yopmail.com,Chennai,doctor
968,Ellette,Dorine,Ellette.Dorine@yopmail.com,Bangui,doctor
969,Dominga,Bakerman,Dominga.Bakerman@yopmail.com,Taipei,developer
970,Imojean,Lareena,Imojean.Lareena@yopmail.com,Horta (Azores),doctor
971,Anica,Milson,Anica.Milson@yopmail.com,Gold Coast,police officer
972,Anica,Stanwood,Anica.Stanwood@yopmail.com,Dededo,police officer
973,Jacquetta,Baylor,Jacquetta.Baylor@yopmail.com,Tampa,worker
974,Patricia,Eliathas,Patricia.Eliathas@yopmail.com,Adamstown,developer
975,Jordan,Bollay,Jordan.Bollay@yopmail.com,Las Vegas,firefighter
976,Alex,Lubin,Alex.Lubin@yopmail.com,Shenyang,doctor
977,Doro,Willie,Doro.Willie@yopmail.com,Munich,developer
978,Kamilah,Himelman,Kamilah.Himelman@yopmail.com,Salzburg,developer
979,Gloria,Isacco,Gloria.Isacco@yopmail.com,Port Moresby,developer
980,Robbi,Kellby,Robbi.Kellby@yopmail.com,Qingdao,doctor
981,Tybie,Sinegold,Tybie.Sinegold@yopmail.com,Santiago de Cuba,police officer
982,Viviene,Mallon,Viviene.Mallon@yopmail.com,Yakutsk,police officer
983,Margette,Hilbert,Margette.Hilbert@yopmail.com,Surat Thani,firefighter
984,Maye,Bohlin,Maye.Bohlin@yopmail.com,Birmingham,firefighter
985,Arlena,Arquit,Arlena.Arquit@yopmail.com,Yaren District,doctor
986,Gusella,Tremayne,Gusella.Tremayne@yopmail.com,Austin,firefighter
987,Korrie,Ammann,Korrie.Ammann@yopmail.com,Melbourne,firefighter
988,Rebeca,Leopold,Rebeca.Leopold@yopmail.com,San Juan,doctor
989,Heddie,Brodench,Heddie.Brodench@yopmail.com,Rio de Janeiro,worker
990,Cherrita,Philipp,Cherrita.Philipp@yopmail.com,Simferopol,police officer
991,Tiffie,Seessel,Tiffie.Seessel@yopmail.com,Valletta,doctor
992,Kellen,Friede,Kellen.Friede@yopmail.com,Palembang,worker
993,Celene,Moseley,Celene.Moseley@yopmail.com,Hamilton,firefighter
994,Marita,Claudine,Marita.Claudine@yopmail.com,Cairo,developer
995,Kelly,Tybald,Kelly.Tybald@yopmail.com,Chişinău,firefighter
996,Sue,Magnolia,Sue.Magnolia@yopmail.com,Cockburn Town,firefighter
997,Ardenia,Dielu,Ardenia.Dielu@yopmail.com,São Paulo,doctor
998,Christy,Riordan,Christy.Riordan@yopmail.com,Thessaloniki,developer
999,Janenna,Raffo,Janenna.Raffo@yopmail.com,Zürich,doctor
1000,Corina,Havens,Corina.Havens@yopmail.com,Honiara,developer
1001,Talya,Zaslow,Talya.Zaslow@yopmail.com,Suva,doctor
1002,Tami,Kiersten,Tami.Kiersten@yopmail.com,Surat Thani,doctor
1003,Tobe,Mike,Tobe.Mike@yopmail.com,San Fernando,police officer
1004,Chloris,Darian,Chloris.Darian@yopmail.com,Hargeisa,firefighter
1005,Blake,Magnolia,Blake.Magnolia@yopmail.com,Bandar Seri Begawan,firefighter
1006,Rubie,Bouchard,Rubie.Bouchard@yopmail.com,İzmir,developer
1007,Imojean,Wiener,Imojean.Wiener@yopmail.com,Gold Coast,police officer
1008,Averyl,Talia,Averyl.Talia@yopmail.com,Medina,doctor
1009,Nessie,Schlosser,Nessie.Schlosser@yopmail.com,Madrid,worker
1010,Evita,Andrel,Evita.Andrel@yopmail.com,Moscow,police officer
1011,Layla,Pernick,Layla.Pernick@yopmail.com,Multan,firefighter
1012,Lisette,Desai,Lisette.Desai@yopmail.com,Lhasa,doctor
1013,Winny,Cecile,Winny.Cecile@yopmail.com,Iloilo City,doctor
1014,Madeleine,Moina,Madeleine.Moina@yopmail.com,Vatican City,doctor
1015,Christian,Jefferey,Christian.Jefferey@yopmail.com,Bandung,developer
1016,Flo,Emanuel,Flo.Emanuel@yopmail.com,Ndola,firefighter
1017,Ekaterina,Vins,Ekaterina.Vins@yopmail.com,Nagoya,doctor
1018,Donnie,Ax,Donnie.Ax@yopmail.com,Guatemala City,worker
1019,Juliane,Bonilla,Juliane.Bonilla@yopmail.com,Saint-Denis,worker
1020,Joy,Mathilde,Joy.Mathilde@yopmail.com,Conakry,firefighter
1021,Perry,Vary,Perry.Vary@yopmail.com,Athens,doctor
1022,Fernande,Silvan,Fernande.Silvan@yopmail.com,Mersin,doctor
1023,Latisha,Joachim,Latisha.Joachim@yopmail.com,Jakarta,developer
1024,Fernande,Mintz,Fernande.Mintz@yopmail.com,Ulan Bator,doctor
1025,Mathilda,Carbo,Mathilda.Carbo@yopmail.com,Guadalajara,doctor
1026,Katuscha,Othilia,Katuscha.Othilia@yopmail.com,Tbilisi,doctor
1027,Gretal,Honoria,Gretal.Honoria@yopmail.com,Maputo,developer
1028,Margalo,Brackely,Margalo.Brackely@yopmail.com,Ibiza,worker
1029,Regina,Abbot,Regina.Abbot@yopmail.com,Maceió,doctor
1030,Angela,Alisia,Angela.Alisia@yopmail.com,Johannesburg,worker
1031,Lizzie,Pearse,Lizzie.Pearse@yopmail.com,Padang,firefighter
1032,Flo,Plato,Flo.Plato@yopmail.com,Puebla,police officer
1033,Rosabelle,Shields,Rosabelle.Shields@yopmail.com,Macau,police officer
1034,Heida,Gaulin,Heida.Gaulin@yopmail.com,Yamoussoukro,firefighter
1035,Tonia,Anderea,Tonia.Anderea@yopmail.com,Kaliningrad,developer
1036,Lorie,Ackerley,Lorie.Ackerley@yopmail.com,Thimphu,developer
1037,Tybie,Margret,Tybie.Margret@yopmail.com,Tokyo,developer
1038,Sissy,Bow,Sissy.Bow@yopmail.com,Bangalore,worker
1039,Ethel,Ashely,Ethel.Ashely@yopmail.com,Tel Aviv,worker
1040,Ivett,Cutlerr,Ivett.Cutlerr@yopmail.com,Sukhumi,firefighter
1041,Penelopa,Neils,Penelopa.Neils@yopmail.com,Koulikoro,doctor
1042,Sonni,Dreda,Sonni.Dreda@yopmail.com,Athens,police officer
1043,Brooks,Claudine,Brooks.Claudine@yopmail.com,Yamoussoukro,firefighter
1044,Leeanne,Ammann,Leeanne.Ammann@yopmail.com,Graz,firefighter
1045,Alexine,Frodi,Alexine.Frodi@yopmail.com,Mumbai,doctor
1046,Christian,Jerold,Christian.Jerold@yopmail.com,Iloilo City,police officer
1047,Hildegaard,Kare,Hildegaard.Kare@yopmail.com,Naypyidaw,police officer
1048,Leona,Fink,Leona.Fink@yopmail.com,Alofi,firefighter
1049,Angela,Brittani,Angela.Brittani@yopmail.com,Dallas,police officer
1050,Ida,Meter,Ida.Meter@yopmail.com,Surat,police officer
1051,Gabriellia,Halla,Gabriellia.Halla@yopmail.com,Hai Phong,developer
1052,Christian,Tristram,Christian.Tristram@yopmail.com,Lubumbashi,firefighter
1053,Robinia,Afton,Robinia.Afton@yopmail.com,San Francisco,worker
1054,Nyssa,Sancho,Nyssa.Sancho@yopmail.com,Kharkiv,doctor
1055,Glenda,Francyne,Glenda.Francyne@yopmail.com,Calgary,police officer
1056,Tiffie,Mendez,Tiffie.Mendez@yopmail.com,Basse-Terre,developer
1057,Rosabelle,Chick,Rosabelle.Chick@yopmail.com,Townsville,doctor
1058,Mellicent,Kylander,Mellicent.Kylander@yopmail.com,Qingdao,worker
1059,Lolita,Goth,Lolita.Goth@yopmail.com,Pune,worker
1060,Zondra,Slifka,Zondra.Slifka@yopmail.com,Lima,worker
1061,Merci,Pyle,Merci.Pyle@yopmail.com,Arbil,doctor
1062,Johna,Dalli,Johna.Dalli@yopmail.com,Cusco,worker
1063,Ilse,Jenness,Ilse.Jenness@yopmail.com,Novosibirsk,firefighter
1064,Fred,Zeeba,Fred.Zeeba@yopmail.com,Nanning,doctor
1065,Livvyy,Gaynor,Livvyy.Gaynor@yopmail.com,Las Vegas,firefighter
1066,Jolyn,Shields,Jolyn.Shields@yopmail.com,San Fernando,doctor
1067,Aeriela,Fairweather,Aeriela.Fairweather@yopmail.com,Pelotas,developer
1068,Jean,Bates,Jean.Bates@yopmail.com,Austin,firefighter
1069,Elora,Nea,Elora.Nea@yopmail.com,Baltimore,firefighter
1070,Veda,Socha,Veda.Socha@yopmail.com,Tokyo,worker
1071,Kamilah,Skurnik,Kamilah.Skurnik@yopmail.com,Ankara,developer
1072,Emmey,Croix,Emmey.Croix@yopmail.com,Koulikoro,police officer
1073,Jordan,Winnick,Jordan.Winnick@yopmail.com,Minsk,worker
1074,Lauryn,Chandler,Lauryn.Chandler@yopmail.com,Virginia Beach,doctor
1075,Lily,Willie,Lily.Willie@yopmail.com,Yamoussoukro,firefighter
1076,Odessa,Narton,Odessa.Narton@yopmail.com,Apia,police officer
1077,Lucille,Naor,Lucille.Naor@yopmail.com,Oranjestad,firefighter
1078,Sashenka,Pip,Sashenka.Pip@yopmail.com,Santo Domingo,developer
1079,Emylee,Couture,Emylee.Couture@yopmail.com,Hamburg,developer
1080,Claudina,Riva,Claudina.Riva@yopmail.com,Doha,developer
1081,Jan,Hessler,Jan.Hessler@yopmail.com,Livingstone,police officer
1082,Emilia,Garek,Emilia.Garek@yopmail.com,Buffalo,worker
1083,Genovera,Konyn,Genovera.Konyn@yopmail.com,Turin,firefighter
1084,Daphne,Ventre,Daphne.Ventre@yopmail.com,Suez,developer
1085,Margette,Hanshaw,Margette.Hanshaw@yopmail.com,Vladivostok,developer
1086,Averyl,Alva,Averyl.Alva@yopmail.com,Boa Vista,developer
1087,Agathe,Anis,Agathe.Anis@yopmail.com,Raleigh,doctor
1088,Verla,Demitria,Verla.Demitria@yopmail.com,Yerevan,developer
1089,Flo,Tound,Flo.Tound@yopmail.com,Sarajevo,doctor
1090,Korrie,Blisse,Korrie.Blisse@yopmail.com,Papeete,worker
1091,Binny,Cloris,Binny.Cloris@yopmail.com,Daegu,doctor
1092,Kristina,Yoko,Kristina.Yoko@yopmail.com,Hanga Roa,developer
1093,Zsa Zsa,Craggie,Zsa Zsa.Craggie@yopmail.com,Sapporo,firefighter
1094,Cherrita,Korey,Cherrita.Korey@yopmail.com,Glasgow,developer
1095,Gilligan,Rurik,Gilligan.Rurik@yopmail.com,Pyongyang,doctor
1096,Fina,Gilbertson,Fina.Gilbertson@yopmail.com,Virginia Beach,police officer
1097,Rozele,Lamoree,Rozele.Lamoree@yopmail.com,Shigatse,developer
1098,Nessie,Konyn,Nessie.Konyn@yopmail.com,New Orleans,developer
1099,Ninnetta,Mike,Ninnetta.Mike@yopmail.com,Harbin,firefighter